contig,position,strand,4mC,5mC,6mA,Sequence,Treatment,gene_callers_id,function,source,nearest_gene_callers_id,distance_to_start,distance_to_end
contig_70393,4708,true,0.051601423487544484,0.01125649075896188,0.25,GACTC,Sackhole Bottom (160 cm),,,,2749776,595,145
contig_70393,4570,false,0.032520325203252036,0.009336784654273287,0.0847457627118644,GACTC,Sackhole Bottom (160 cm),,,,2749776,595,145
contig_70393,4940,false,,,0.00624512099921936,GAATC,Sackhole Bottom (160 cm),,,,2749775,887,746
contig_70393,7143,false,0.0,0.0,0.034308779011099896,GAATC,Sackhole Bottom (160 cm),,,,2749775,887,746
contig_70393,4570,false,0.03076923076923077,0.026450720273459752,0.17647058823529413,GACTC,Sackhole Middle (70 cm),,,,2749775,1257,1116
contig_70393,5431,false,0.5,0.0,0.01905717151454363,GAATC,Sackhole Bottom (160 cm),,,,2749775,1257,1116
contig_70393,4859,false,0.031462585034013606,0.010535266491029122,0.2857142857142857,GACTC,Sackhole Bottom (160 cm),,,,2749778,3110,3587
contig_70393,6327,false,1.0,0.0,0.08271375464684015,GAATC,Sackhole Bottom (160 cm),,,,2749775,3460,3319
contig_70393,6535,false,0.13541666666666666,0.012028567848640521,0.0224,GAATC,Sackhole Bottom (160 cm),,,,2749775,887,746
contig_70393,5385,false,0.0,0.0,0.045408678102926335,GAATC,Sackhole Bottom (160 cm),,,,2749775,887,746
,,,,,,,,,,,2749775,1748,1607
,,,,,,,,,,,2749775,1748,1607
,,,,,,,,,,,2749775,1176,1035
,,,,,,,,,,,2749775,1176,1035
,,,,,,,,,,,2749775,2644,2503
,,,,,,,,,,,2749775,2644,2503
,,,,,,,,,,,2749775,2852,2711
,,,,,,,,,,,2749775,2852,2711
,,,,,,,,,,,2749775,1702,1561
,,,,,,,,,,,2749775,1702,1561
