Genome	barcode01.fastq Mean	barcode02.fastq Mean	barcode03.fastq Mean	barcode05.fastq Mean	barcode06.fastq Mean	barcode07.fastq Mean	barcode08.fastq Mean	barcode09.fastq Mean	barcode10.fastq Mean	barcode11.fastq Mean	barcode12.fastq Mean	barcode13.fastq Mean	barcode14.fastq Mean	control_barcode04.fastq Mean
Octadecabacter_r-contigs	0	0	1.2941306	0	0	0.47761393	0	0	0.48426104	0	0	0	0	0
lentimonas_r-contigs	0	0	1.9382776	0	0	0.9687699	0	0.29113445	0.8652175	0	0	0	0	0
polaribacter_r-contigs	0.5915314	0	173.42065	0.13028446	0	68.80241	0	0.51244074	45.17809	0	29.611689	2.1639748	0.5318045	0.22249688
brevundimonas_r-contigs	0	0	0	0	0	0	0	0	0	0.21868844	2.0874417	0	2.0652227	0
metagenome_assembly	0.41639137	0	6.0367184	0	0.17309733	2.1808171	0	1.1819133	1.7909881	0	0.7578453	0	0	0
Pelagibacter_r-contigs	18.898054	3.3666508	21.540806	4.4541287	3.8263998	11.524661	1.0404257	54.450348	12.229395	0.20631066	0.3780522	0	0.2858528	0.17257074
psychromonas_r-contigs	0	0	1.0322611	0	0	0.60547584	0	0	1.4423307	0	0	0	0	0
halopseudomonas_r-contigs	0	0	0	0	0	0	0	0	0	0.32076252	1.7708702	0	2.4255154	0
Cognaticolwellia_r-contigs	0.62279147	0	3.845166	0	0	1.1917957	0	0.6119024	1.0314307	0	0.25061288	0	0	0
