Genome	barcode01.fastq Mean	barcode02.fastq Mean	barcode03.fastq Mean	barcode04.fastq Mean	barcode05.fastq Mean	barcode06.fastq Mean	barcode07.fastq Mean	barcode08.fastq Mean	barcode09.fastq Mean	barcode10.fastq Mean	barcode11.fastq Mean	barcode12.fastq Mean	barcode13.fastq Mean	barcode14.fastq Mean
Octadecabacter_r-contigs	0	0	73.94659	0	0	0	22.349844	0	0	19.253992	0	2.434076	0	0
lentimonas_r-contigs	0.7840326	0	12.139534	0	0	0	4.7990975	0	1.8440619	3.4764016	0	6.099877	0	0
polaribacter_r-contigs	9.343998	0.7351633	518.9523	0.7693582	1.0980641	3.8972607	197.71324	0	16.51366	137.86136	0.30867395	69.56094	4.9134274	1.2775509
Rubritalea_r-contigs	0	0	21.927011	0	0	0	5.053859	0	0	5.667342	0	6.965189	0.37125045	0
brevundimonas_r-contigs	0	0	0	0	0	0	0	0	0	0	0.4738326	4.38466	0	4.223571
Pelagibacter_r-contigs	50.898163	9.377746	69.606926	0.48273638	12.758939	11.058872	34.246803	3.1011574	148.51852	36.18572	0.6497178	1.9846907	0	1.0257913
psychromonas_r-contigs	0	0	27.709696	0	0	0	9.973483	0	0	10.472317	0	0	0	0
halopseudomonas_r-contigs	0	0	0	0	0	0	0	0	0	0	0.63010466	3.9256117	0	5.065325
Cognaticolwellia_r-contigs	1.6981788	0	10.49901	0	0	0.15573436	3.759203	0	1.7763177	3.0512707	0	1.119407	0	0
